sr_id,sr_description,requestedBy,sp_description,categoryId,problemId,problem
1,TV voice is not properly,admin,sdafsdafsdfsd sd sdf sdfsdf ,1,1,Electronic conditions
2,y,admin,,1,1,Electronic conditions
8,y,,,1,,Electronic conditions
1,TV voice is not properly,admin,sdafsdafsdfsd sd sdf sdfsdf ,1,1,Electronic conditions
1,TV voice is not properly,admin,sdafsdafsdfsd sd sdf sdfsdf ,1,1,Electronic conditions
1,TV voice is not properly,admin,sdafsdafsdfsd sd sdf sdfsdf ,1,1,Electronic conditions
1,TV voice is not properly,admin,sdafsdafsdfsd sd sdf sdfsdf ,1,1,Electronic conditions
1,TV voice is not properly,admin,sdafsdafsdfsd sd sdf sdfsdf ,1,1,Electronic conditions
10,,,sdafsdafsdfsd sd sdf sdfsdf ,1,1,Electronic conditions
10,,,TV Not Working,1,1,Electronic conditions
